{"Bleu_1": 0.410251784145926, "Bleu_2": 0.24173085851384923, "Bleu_3": 0.1558823017144588, "Bleu_4": 0.10626984349819904, "METEOR": 0.18649059362667056, "ROUGE_L": 0.40354387850073575, "CIDEr": 0.9578107547177829, "bad_seq_count": 5}