{"Bleu_1": 0.4999999999500001, "Bleu_2": 0.23570226037063632, "Bleu_3": 1.9078570707084714e-06, "Bleu_4": 5.612222323633712e-09, "METEOR": 0.2328898907792229, "ROUGE_L": 0.5313588850174217, "CIDEr": 1.7927345110274284}