{"Bleu_1": 0.4104077867162701, "Bleu_2": 0.24175766890785635, "Bleu_3": 0.15622809806821675, "Bleu_4": 0.10718882046977377, "METEOR": 0.18624190609156702, "ROUGE_L": 0.4012862173747151, "CIDEr": 0.9677505826264571, "bad_seq_count": 0}